"JADUAL 4 (SAMB) : EKSPORT DAN IMPORT MENGIKUT KUMPULAN BARANGAN (RM JUTA), 2019-2023",,,,,,,,,,,,,
"TABLE 4 (CONT'D) : EXPORTS AND IMPORTS BY COMMODITY GROUPS (RM MILLION), 2019-2023",,,,,,,,,,,,,
,,,,,,,,,,,,,
,, EKSPORT ,,,,,, IMPORT ,,,,,
BAHAGIAN BARANGAN,, EXPORTS ,,,,,, IMPORTS ,,,,,
COMMODITY GROUPS,, 2019 , 2020 , 2021 , 2022 , 2023 ,, 2019 , 2020 , 2021 , 2022 , 2023 ,
,,,,,,,,,,,,,
,JUMLAH/TOTAL," 995,072 "," 983,827 "," 1,241,022 "," 1,550,009 "," 1,426,199 ",," 849,411 "," 800,481 "," 987,344 "," 1,293,811 "," 1,211,044 ",
,,,,,,,,,,,,,
001,"LIVE ANIMALS OTHER THAN 
ANIMALS OF DIVISION 03", 836 , 882 , 970 , 893 ," 1,101 ",, 239 , 250 , 287 , 205 , 252 ,
011,"MEAT OF BOVINE ANIMALS, 
FRESH, CHILLED OR FROZEN", 12 , 11 , 17 , 21 , 17 ,," 1,933 "," 2,162 "," 2,323 "," 3,246 "," 3,122 ",
012,"OTHER MEAT AND EDIBLE 
MEAT OFFAL, FRESH, 
CHILLED OR FROZEN 
(EXCEPT MEAT AND MEAT 
OFFAL UNFIT OR UNSUITABLE 
FOR HUMAN CONSUMPTION)", 94 , 112 , 103 , 127 , 156 ,," 1,639 "," 1,745 "," 1,836 "," 3,443 "," 3,938 ",
016,"MEAT AND EDIBLE MEAT 
OFFAL, SALTED, IN BRINE, 
DRIED OR SMOKED; EDIBLE 
FLOURS AND MEALS OF MEAT 
OR MEAT OFFAL", 2 , 27 , 105 , 109 , 183 ,, 4 , 3 , 2 , 3 , 2 ,
017,"MEAT AND EDIBLE MEAT OFFAL, 
PREPARED OR PRESERVED, N.E.S.", 610 , 526 , 674 , 792 , 799 ,, 59 , 69 , 68 , 61 , 58 ,
022,"MILK AND CREAM AND MILK 
PRODUCTS OTHER THAN 
BUTTER OR CHEESE"," 1,201 "," 1,170 "," 1,031 ", 941 ," 1,103 ",," 3,180 "," 3,309 "," 3,766 "," 4,820 "," 3,929 ",
023,"BUTTER AND OTHER FATS AND 
OILS DERIVED FROM MILK", 103 , 92 , 81 , 121 , 119 ,, 440 , 424 , 478 , 636 , 665 ,
024,CHEESE AND CURD, 22 , 32 , 34 , 61 , 58 ,, 529 , 689 , 735 , 802 , 794 ,
025,"EGGS, BIRDS', AND EGG YOLKS, FRESH, DRIED OR OTHERWISE PRESERVED, SWEETENED OR NOT; EGG ALBUMIN", 610 , 536 , 617 , 686 , 692 ,, 24 , 23 , 27 , 52 , 47 ,
034,"FISH, FRESH (LIVE OR DEAD), CHILLED OR FROZEN", 727 , 931 , 866 , 893 , 910 ,," 2,456 "," 2,365 "," 2,718 "," 3,468 "," 3,331 ",
035,"FISH, DRIED, SALTED OR IN BRINE; SMOKED FISH (WHETHER OR NOT COOKED BEFORE OR DURING THE SMOKING PROCESS); FLOURS, MEALS AND PELLETS OF FISH, FIT FOR HUMAN CONSUMPTION", 91 , 73 , 53 , 71 , 56 ,, 156 , 152 , 228 , 230 , 208 ,
036,"CRUSTACEANS, MOLLUSCS 
AND AQUATIC INVERTEBRATES, 
WHETHER IN SHELL OR NOT, 
FRESH (LIVE OR DEAD), 
CHILLED, FROZEN, DRIED, 
SALTED OR IN BRINE; 
CRUSTACEANS, IN SHELL, 
COOKED BY STEAMING OR 
BOILING IN WATER, WHETHER 
OR NOT CHILLED, FROZEN, 
DRIED, SALTED OR IN BRINE; 
FLOURS, MEALS AND 
PELLETS OF CRUSTACEANS 
OR OF AQUATIC INVERTEBRATES, 
FIT FOR HUMAN CONSUMPTION"," 1,867 "," 1,594 "," 1,900 "," 1,952 "," 2,007 ",," 1,380 "," 1,344 "," 1,658 "," 2,140 "," 2,062 ",
037,"FISH, CRUSTACEANS, MOLLUSCS AND OTHER AQUATIC INVERTEBRATES, PREPARED OR PRESERVED, N.E.S.", 784 , 735 , 808 , 934 , 978 ,, 516 , 660 , 648 , 776 , 678 ,
041,"WHEAT (INCLUDING SPELT) AND MESLIN, UNMILLED", 1 , 1 , 1 , 2 , 2 ,," 1,590 "," 1,587 "," 1,769 "," 2,619 "," 2,672 ",
042,RICE, 45 , 97 , 162 , 197 , 221 ,," 1,875 "," 2,476 "," 2,385 "," 2,677 "," 3,735 ",
043,"BARLEY, UNMILLED", * , 1 , * , * , 1 ,, 10 , 11 , 8 , 10 , 12 ,
044,"MAIZE (NOT INCLUDING SWEET CORN), UNMILLED", 7 , 14 , 15 , 22 , 10 ,," 3,259 "," 3,325 "," 4,659 "," 5,541 "," 5,039 ",
045,"CEREALS, UNMILLED (OTHER 
THAN WHEAT, RICE, BARLEY 
AND MAIZE)", 1 , 4 , 1 , 2 , 1 ,, 54 , 72 , 71 , 61 , 64 ,
046,MEAL AND FLOUR OF WHEAT AND FLOUR OF MESLIN, 174 , 125 , 120 , 147 , 174 ,, 418 , 416 , 458 , 577 , 229 ,
047,"OTHER CEREAL MEALS AND 
FLOURS", 10 , 13 , 15 , 30 , 30 ,, 331 , 376 , 442 , 464 , 238 ,
048,"CEREAL PREPARATIONS AND 
PREPARATIONS OF FLOUR OR 
STARCH OF FRUITS OR 
VEGETABLES"," 3,361 "," 2,656 "," 3,541 "," 4,337 "," 4,794 ",," 1,203 "," 1,278 "," 1,356 "," 1,738 "," 1,698 ",
054,"VEGETABLES, FRESH, CHILLED, 
FROZEN OR SIMPLY PRESERVED 
(INCLUDING DRIED LEGUMINOUS 
VEGETABLES); ROOTS, TUBERS 
AND OTHER EDIBLE VEGETABLE 
PRODUCTS, N.E.S., FRESH OR 
DRIED", 717 , 738 , 761 , 864 ," 1,061 ",," 3,258 "," 3,613 "," 3,916 "," 4,286 "," 4,831 ",
056,"VEGETABLES, ROOTS AND TUBERS, PREPARED OR PRESERVED, N.E.S.", 279 , 273 , 344 , 402 , 454 ,," 1,186 "," 1,242 "," 1,326 "," 1,794 "," 1,943 ",
057,"FRUIT AND NUTS (NOT 
INCLUDING OIL NUTS), 
FRESH OR DRIED", 553 , 505 , 591 , 653 , 740 ,," 3,229 "," 3,347 "," 3,870 "," 4,166 "," 4,073 ",
058,"FRUIT, PRESERVED, AND FRUIT PREPARATIONS (EXCLUDING FRUIT JUICES)", 738 , 865 ," 1,316 "," 1,368 "," 1,709 ",, 663 , 645 , 692 , 837 , 839 ,
059,"FRUIT JUICES (INCLUDING GRAPE MUST) AND VEGETABLE JUICES, UNFERMENTED AND NOT CONTAINING ADDED SPIRIT, WHETHER OR NOT CONTAINING ADDED SUGAR OR OTHER SWEETENING MATTER", 111 , 91 , 122 , 101 , 103 ,, 209 , 142 , 163 , 217 , 196 ,
061,"SUGARS, MOLASSES AND 
HONEY", 536 , 894 , 973 ," 1,053 "," 1,134 ",," 3,063 "," 3,662 "," 4,361 "," 4,495 "," 6,060 ",
062,SUGAR CONFECTIONERY, 420 , 326 , 358 , 457 , 469 ,, 325 , 261 , 271 , 448 , 519 ,
071,"COFFEE AND COFFEE 
SUBSTITUTES"," 2,156 "," 2,022 "," 2,131 "," 2,433 "," 2,396 ",," 1,551 "," 1,492 "," 1,531 "," 2,258 "," 2,030 ",
072,COCOA," 5,319 "," 5,226 "," 5,698 "," 6,205 "," 6,412 ",," 4,005 "," 4,598 "," 5,582 "," 5,191 "," 7,512 ",
073,"CHOCOLATE AND OTHER FOOD PREPARATIONS CONTAINING COCOA, N.E.S."," 1,279 "," 1,042 "," 1,174 "," 1,611 "," 1,791 ",, 673 , 527 , 666 , 907 , 864 ,
074,TEA AND MATE, 258 , 265 , 279 , 229 , 254 ,, 487 , 419 , 464 , 454 , 496 ,
075,SPICES, 265 , 257 , 326 , 335 , 328 ,," 1,025 "," 1,496 "," 1,475 "," 1,304 "," 1,541 ",
081,"FEEDING STUFF FOR ANIMALS 
(NOT INCLUDING UNMILLED 
CEREALS)"," 2,162 "," 2,700 "," 2,993 "," 3,698 "," 3,325 ",," 4,514 "," 4,576 "," 5,540 "," 6,755 "," 6,737 ",
091,MARGARINE AND SHORTENING," 1,712 "," 1,600 "," 2,265 "," 3,037 "," 2,508 ",, 118 , 74 , 113 , 152 , 265 ,
098,"EDIBLE PRODUCTS AND PREPARATIONS, N.E.S."," 7,031 "," 7,343 "," 8,250 "," 9,825 "," 10,364 ",," 5,862 "," 6,645 "," 7,760 "," 8,789 "," 8,105 ",
111,"NON-ALCOHOLIC BEVERAGES, 
N.E.S."," 1,404 "," 1,176 "," 1,328 "," 1,537 "," 1,590 ",, 379 , 381 , 520 , 565 , 599 ,
112,ALCOHOLIC BEVERAGES," 1,479 "," 1,090 ", 961 ," 1,035 "," 1,225 ",," 2,182 "," 1,369 "," 1,503 "," 2,453 "," 2,351 ",
121,"TOBACCO, UNMANUFACTURED; TOBACCO REFUSE", 1 , 2 , 3 , * , * ,, 44 , 17 , 23 , 26 , 38 ,
122,"TOBACCO, MANUFACTURED (WHETHER OR NOT CONTAINING TOBACCO SUBSTITUTES)", 568 , 327 , 206 , 185 , 290 ,," 1,121 ", 861 , 585 , 601 , 628 ,
211,"HIDES AND SKINS (EXCEPT 
FURSKINS), RAW", 29 , 13 , 14 , 15 , 16 ,, 36 , 26 , 28 , 45 , 40 ,
212,"FURSKINS, RAW (INCLUDING HEADS, TAILS, PAWS AND OTHER PIECES OR  CUTTINGS, SUITABLE FOR FURRIERS¡¯ USE), OTHER THAN HIDES AND SKINS OF GROUP 211", 2 , * , -   , -   , 1 ,, 187 , 120 , 118 , 121 , * ,
222,OIL-SEEDS AND OLEAGINOUS FRUITS OF A KIND USED FOR THE EXTRACTION OF ¡°SOFT¡± FIXED VEGETABLE OILS (EXCLUDING FLOURS AND MEALS), 35 , 35 , 38 , 72 , 94 ,," 1,736 "," 1,762 "," 2,336 "," 2,837 "," 2,569 ",
223,"OIL-SEEDS AND OLEAGINOUS FRUITS, WHOLE OR BROKEN, OF A KIND USED FOR THE EXTRACTION OF OTHER FIXED VEGETABLE OILS (INCLUDING FLOURS AND MEALS OF OIL-SEEDS OR OLEAGINOUS FRUIT, N.E.S.)", 33 , 54 , 29 , 35 , 19 ,, 118 , 122 , 164 , 190 , 148 ,
231,"NATURAL RUBBER, BALATA, GUTTA-PERCHA, GUAYULE, CHICLE AND SIMILAR NATURAL GUMS, IN PRIMARY FORMS (INCLUDING LATEX) OR IN PLATES, SHEETS OR STRIP"," 3,773 "," 3,286 "," 4,568 "," 4,592 "," 3,714 ",," 5,465 "," 6,164 "," 7,339 "," 7,244 "," 5,729 ",
232,"SYNTHETIC RUBBER; RECLAIMED RUBBER; WASTE, PARINGS AND SCRAP OF UNHARDENED RUBBER"," 3,598 "," 4,005 "," 4,426 "," 3,840 "," 3,236 ",," 5,087 "," 5,260 "," 10,328 "," 4,343 "," 3,046 ",
244,"CORK, NATURAL, RAW AND WASTE (INCLUDING NATURAL CORK IN BLOCKS OR SHEETS)", * , * , * , * , 3 ,, 1 , * , * , * , 3 ,
245,FUEL WOOD (EXCLUDING WOOD WASTE) AND WOOD CHARCOAL, 120 , 108 , 91 , 94 , 93 ,, 57 , 43 , 61 , 64 , 90 ,
246,WOOD IN CHIPS OR PARTICLES AND WOOD WASTE, 664 , 612 , 606 , 957 , 883 ,, 11 , 8 , 11 , 11 , 12 ,
247,"WOOD IN THE ROUGH, WHETHER 
OR NOT STRIPPED OF BARK OR 
SAPWOOD, OR ROUGHLY 
SQUARED", 760 , 510 , 528 , 535 , 563 ,, 90 , 147 , 223 , 216 , 96 ,
248,"WOOD, SIMPLY WORKED, AND RAILWAY SLEEPERS OF WOOD"," 4,287 "," 3,136 "," 3,293 "," 3,617 "," 3,166 ",, 705 , 685 , 938 ," 1,075 ", 868 ,
251,PULP AND WASTE PAPER, 886 ," 1,612 "," 1,711 "," 1,872 "," 2,242 ",," 1,747 "," 2,138 "," 3,305 "," 3,751 "," 3,994 ",
261,SILK, * , * , -   , -   , * ,, * , * , * , -   , * ,
263,COTTON, 251 , 132 , 82 , 29 , 111 ,," 1,253 ", 911 , 917 ," 1,508 "," 1,527 ",
264,"JUTE AND OTHER TEXTILE BAST 
FIBRES, N.E.S., RAW OR 
PROCESSED BUT NOT SPUN; 
TOW AND WASTE OF THESE 
FIBRES (INCLUDING YARN 
WASTE AND GARNETTED STOCK)", 4 , 2 , 3 , 5 , 5 ,, 1 , * , * , * , 1 ,
265,"VEGETABLE TEXTILE FIBRES 
(OTHER THAN COTTON AND 
JUTE), RAW OR PROCESSED BUT 
NOT SPUN; WASTE OF THESE 
FIBRES", 18 , 8 , 18 , 10 , 8 ,, 5 , 8 , 16 , 12 , 11 ,
266,SYNTHETIC FIBRES SUITABLE FOR SPINNING," 1,017 ", 755 ," 1,278 "," 1,273 ", 853 ,, 286 , 266 , 298 , 385 , 324 ,
267,OTHER MAN-MADE FIBRES SUITABLE FOR SPINNING; WASTE OF MAN-MADE FIBRES, 20 , 16 , 56 , 152 , 136 ,, 9 , 24 , 82 , 142 , 151 ,
268,WOOL AND OTHER ANIMAL HAIR (INCLUDING WOOL TOPS), 69 , 21 , 6 , 3 , 2 ,, 74 , 22 , 9 , 12 , 15 ,
269,WORN CLOTHING AND OTHER WORN TEXTILE ARTICLES; RAGS, 386 , 267 , 305 , 381 , 410 ,, 434 , 328 , 427 , 469 , 557 ,
272,"FERTILIZERS, CRUDE, OTHER THAN THOSE OF DIVISION 56", 25 , 21 , 17 , 12 , 13 ,, 143 , 143 , 203 , 350 , 304 ,
273,"STONE, SAND AND GRAVEL", 765 , 712 , 706 , 733 , 844 ,, 397 , 357 , 378 , 400 , 424 ,
274,SULPHUR AND UNROASTED IRON PYRITES, 6 , 12 , 21 , 38 , 38 ,, 70 , 38 , 132 , 227 , 73 ,
277,"NATURAL ABRASIVES, N.E.S. 
(INCLUDING INDUSTRIAL 
DIAMONDS)", 24 , 15 , 108 , 62 , 86 ,, 73 , 31 , 30 , 48 , 29 ,
278,OTHER CRUDE MINERALS, 549 , 548 , 625 , 580 , 634 ,," 1,310 "," 1,331 "," 1,738 "," 2,213 "," 1,619 ",
281,IRON ORE AND CONCENTRATES," 4,181 "," 3,819 "," 5,218 "," 5,302 "," 5,016 ",," 5,380 "," 4,889 "," 6,624 "," 7,482 "," 6,713 ",
282,FERROUS WASTE AND SCRAP; REMELTING SCRAP INGOTS OF IRON OR STEEL, 869 , 866 , 374 , 150 , 100 ,," 4,589 "," 4,105 "," 4,825 "," 1,256 "," 1,441 ",
283,COPPER ORES AND CONCENTRATES; COPPER MATTES; CEMENT COPPER," 1,058 ", 471 ," 1,259 "," 2,611 "," 2,416 ",," 1,386 "," 1,179 "," 2,875 "," 4,273 "," 2,669 ",
284,"NICKEL ORES AND CONCENTRATES; NICKEL MATTES, NICKEL OXIDE SINTERS AND OTHER INTERMEDIATE PRODUCTS OF NICKEL METALLURGY", 2 , 11 , 1 , 23 , 297 ,, 4 , 7 , 7 , 349 , 4 ,
285,ALUMINIUM ORES AND CONCENTRATES (INCLUDING ALUMINA), 111 , 49 , 46 , 59 , 132 ,," 2,358 "," 1,919 "," 2,931 "," 3,824 "," 3,128 ",
286,URANIUM OR THORIUM ORES AND CONCENTRATES, 1 , 2 , -   , 3 , 2 ,, -   , * , -   , -   , -   ,
287,"ORES AND CONCENTRATES OF BASE METALS, N.E.S.", 560 , 607 , 679 , 982 , 851 ,," 3,274 "," 2,864 "," 2,949 "," 4,449 "," 3,395 ",
288,"NON-FERROUS BASE METAL WASTE AND SCRAP, N.E.S."," 1,037 "," 1,110 "," 1,242 ", 635 , 687 ,," 4,364 "," 5,041 "," 8,150 "," 4,321 "," 3,328 ",
289,"ORES AND CONCENTRATES OF PRECIOUS METALS; WASTE, SCRAP AND SWEEPINGS OF PRECIOUS METALS (OTHER THAN OF GOLD)", 839 ," 1,001 ", 667 ," 1,439 "," 1,588 ",, 304 , 418 , 430 , 647 , 507 ,
291,"CRUDE ANIMAL MATERIALS, 
N.E.S.", 41 , 16 , 21 , 20 , 50 ,, 102 , 76 , 104 , 103 , 86 ,
292,"CRUDE VEGETABLE MATERIALS, 
N.E.S."," 1,020 ", 921 , 884 ," 1,131 "," 1,353 ",, 721 , 677 , 757 , 841 , 809 ,
321,"COAL, WHETHER OR NOT 
PULVERIZED, BUT NOT 
AGGLOMERATED", 21 , 8 , 42 , 52 , 75 ,," 12,075 "," 9,671 "," 16,654 "," 30,809 "," 23,703 ",
322,"BRIQUETTES, LIGNITE AND PEAT", 3 , 3 , 3 , 4 , 6 ,, 13 , 22 , 33 , 23 , 29 ,
325,"COKE AND SEMI-COKE 
(INCLUDING CHAR) OF COAL, 
OF LIGNITE OR OF PEAT, 
WHETHER OR NOT 
AGGLOMERATED; RETORT CARBON", 5 , 4 , 1 , 11 , 14 ,," 1,667 "," 1,199 "," 1,529 "," 1,818 "," 1,175 ",
333,"PETROLEUM OILS AND OILS OBTAINED FROM BITUMINOUS MINERALS, CRUDE"," 29,118 "," 19,744 "," 20,054 "," 35,225 "," 31,932 ",," 26,818 "," 19,340 "," 14,408 "," 53,783 "," 61,686 ",
334,"PETROLEUM OILS AND OILS 
OBTAINED FROM BITUMINOUS 
MINERALS (OTHER THAN 
CRUDE); PREPARATIONS, N.E.S., 
CONTAINING BY WEIGHT 70% 
OR MORE OF PETROLEUM OILS 
OR OF OILS OBTAINED FROM 
BITUMINOUS MINERALS, THESE 
OILS BEING THE BASIC 
CONSTITUENTS OF THE 
PREPARATION"," 61,803 "," 53,729 "," 86,160 "," 149,836 "," 133,870 ",," 72,526 "," 56,240 "," 82,911 "," 136,762 "," 130,253 ",
335,"RESIDUAL PETROLEUM 
PRODUCTS, N.E.S., AND 
RELATED MATERIALS"," 6,922 "," 5,958 "," 4,899 "," 4,346 "," 2,777 ",," 3,455 "," 2,255 "," 4,598 "," 5,518 "," 4,817 ",
342,"LIQUEFIED PROPANE AND 
BUTANE", 563 , 345 ," 1,479 "," 1,189 "," 1,240 ",, 56 , 91 , 178 ," 1,272 "," 1,771 ",
343,"NATURAL GAS, WHETHER OR NOT LIQUEFIED"," 42,484 "," 29,868 "," 38,193 "," 68,003 "," 60,609 ",," 6,180 "," 5,390 "," 1,905 "," 9,910 "," 6,996 ",
344,"PETROLEUM GASES AND OTHER GASEOUS HYDROCARBONS, 
N.E.S."," 2,222 "," 1,857 "," 3,667 "," 5,834 "," 5,230 ",, 744 , 935 ," 1,417 "," 1,768 "," 1,093 ",
345,"COAL GAS, WATER GAS, 
PRODUCER GAS AND SIMILAR 
GASES, OTHER THAN PETROLEUM 
GASES AND OTHER GASEOUS 
HYDROCARBONS", -   , -   , -   , -   , * ,, * , * , * , * , * ,
351,ELECTRIC CURRENT, 538 , 499 , 307 , 258 , 282 ,, 10 , 5 , 11 , 5 , 29 ,
411,ANIMAL OILS AND FATS, 109 , 179 , 170 , 660 ," 1,313 ",, 172 , 294 , 290 , 837 ," 1,327 ",
421,"FIXED VEGETABLE FATS AND OILS, ""SOFT"", CRUDE, REFINED OR FRACTIONATED"," 1,273 "," 1,355 "," 1,681 "," 2,297 "," 1,810 ",," 1,228 "," 1,389 "," 1,738 "," 2,425 "," 1,335 ",
422,"FIXED VEGETABLE FATS AND OILS, CRUDE, REFINED OR FRACTIONATED, OTHER THAN ¡°SOFT¡±"," 38,320 "," 44,997 "," 64,798 "," 80,656 "," 60,056 ",," 3,912 "," 4,996 "," 8,287 "," 11,088 "," 6,139 ",
431,"ANIMAL OR VEGETABLE FATS AND OILS, PROCESSED; WAXES; INEDIBLE MIXTURES OR PREPARATIONS OF ANIMAL OR VEGETABLE FATS OR OILS, N.E.S."," 7,093 "," 8,450 "," 12,499 "," 17,045 "," 11,709 ",," 1,253 "," 2,235 "," 4,247 "," 3,898 "," 2,424 ",
511,"HYDROCARBONS, N.E.S., AND THEIR HALOGENATED, SULPHONATED, NITRATED OR NITROSATED DERIVATIVES"," 4,283 "," 3,007 "," 4,420 "," 5,554 "," 6,071 ",," 4,656 "," 3,319 "," 4,861 "," 4,966 "," 5,104 ",
512,"ALCOHOLS, PHENOLS, PHENOL-ALCOHOLS, AND THEIR HALOGENATED, SULPHONATED, NITRATED OR NITROSATED DERIVATIVES"," 12,975 "," 11,867 "," 20,389 "," 24,422 "," 17,731 ",," 4,173 "," 4,039 "," 6,911 "," 9,552 "," 7,335 ",
513,"CARBOXYLIC ACIDS AND THEIR ANHYDRIDES, HALIDES, PEROXIDES AND PEROXYACIDS; THEIR HALOGENATED, SULPHONATED, NITRATED OR NITROSATED DERIVATIVES"," 5,030 "," 4,289 "," 8,519 "," 8,631 "," 6,420 ",," 2,685 "," 2,329 "," 3,748 "," 3,829 "," 3,061 ",
514,"NITROGEN-FUNCTION 
COMPOUNDS", 412 , 388 , 748 , 860 , 899 ,," 2,245 "," 2,060 "," 2,830 "," 2,876 "," 2,434 ",
515,"ORGANO-INORGANIC COMPOUNDS, HETEROCYCLIC COMPOUNDS, NUCLEIC ACIDS AND THEIR SALTS, AND SULPHONAMIDES"," 1,517 "," 1,487 "," 1,759 "," 2,054 "," 1,192 ",," 1,187 "," 1,386 "," 1,786 "," 1,984 "," 1,730 ",
516,OTHER ORGANIC CHEMICALS, 693 , 638 ," 1,288 "," 1,037 ", 985 ,," 2,246 "," 1,714 "," 2,632 "," 4,608 "," 4,551 ",
522,"INORGANIC CHEMICAL ELEMENTS, OXIDES AND HALOGEN SALTS"," 2,068 "," 2,428 "," 5,224 "," 6,967 "," 5,041 ",," 3,653 "," 3,324 "," 4,026 "," 5,323 "," 4,590 ",
523,"SALTS AND PEROXYSALTS, OF INORGANIC ACIDS AND METALS", 776 , 607 , 753 , 709 ," 1,076 ",," 2,369 "," 2,417 "," 3,192 "," 3,923 "," 3,520 ",
524,"OTHER INORGANIC CHEMICALS; 
ORGANIC AND INORGANIC 
COMPOUNDS OF PRECIOUS 
METALS", 78 , 52 , 71 , 68 , 68 ,," 1,127 "," 1,532 "," 2,377 "," 3,671 "," 3,892 ",
525,RADIOACTIVE AND ASSOCIATED MATERIALS," 1,040 "," 1,017 "," 1,722 "," 2,909 "," 2,167 ",, 107 , 137 , 126 , 168 , 112 ,
531,"SYNTHETIC ORGANIC COLOURING 
MATTER AND COLOUR LAKES, 
AND PREPARATIONS BASED 
THEREON", 91 , 131 , 196 , 218 , 203 ,, 547 , 518 , 606 , 556 , 479 ,
532,"DYEING AND TANNING EXTRACTS, 
AND SYNTHETIC TANNING 
MATERIALS", 38 , 24 , 11 , 11 , 9 ,, 36 , 32 , 41 , 51 , 49 ,
533,"PIGMENTS, PAINTS, VARNISHES AND RELATED MATERIALS"," 2,863 "," 2,307 "," 3,179 "," 3,859 "," 3,504 ",," 3,042 "," 2,680 "," 3,132 "," 3,200 "," 3,117 ",
541,"MEDICINAL AND PHARMA-
CEUTICAL PRODUCTS, OTHER 
THAN MEDICAMENTS OF 
GROUP 542"," 1,088 ", 980 ," 1,198 "," 1,213 "," 1,368 ",," 2,052 "," 2,048 "," 6,192 "," 3,431 "," 3,172 ",
542,MEDICAMENTS (INCLUDING VETERINARY MEDICAMENTS), 855 , 969 ," 1,219 "," 1,549 "," 1,552 ",," 5,704 "," 6,112 "," 5,953 "," 7,132 "," 8,129 ",
551,"ESSENTIAL OILS, PERFUME AND FLAVOUR MATERIALS", 596 , 470 , 586 , 641 , 651 ,, 928 , 871 , 970 ," 1,116 ", 924 ,
553,"PERFUMERY, COSMETIC OR 
TOILET PREPARATIONS 
(EXCLUDING SOAPS)"," 1,342 "," 1,258 "," 1,260 "," 1,378 "," 1,481 ",," 3,998 "," 3,276 "," 3,535 "," 4,807 "," 5,004 ",
554,"SOAP, CLEANSING AND POLISHING PREPARATIONS"," 3,703 "," 3,688 "," 4,059 "," 4,341 "," 4,101 ",," 2,076 "," 2,230 "," 2,437 "," 2,771 "," 2,384 ",
562,FERTILIZERS (OTHER THAN THOSE OF GROUP 272)," 2,675 "," 2,463 "," 3,951 "," 6,864 "," 4,158 ",," 3,340 "," 3,199 "," 5,251 "," 8,790 "," 5,406 ",
571,"POLYMERS OF ETHYLENE, IN PRIMARY FORMS"," 8,456 "," 7,052 "," 7,630 "," 8,396 "," 8,403 ",," 9,868 "," 7,313 "," 7,513 "," 8,464 "," 7,233 ",
572,"POLYMERS OF STYRENE, IN PRIMARY FORMS"," 3,680 "," 2,757 "," 4,009 "," 3,940 "," 3,360 ",," 1,698 "," 1,771 "," 2,466 "," 2,483 "," 2,228 ",
573,"POLYMERS OF VINYL CHLORIDE OR OF OTHER HALOGENATED OLEFINS, IN PRIMARY FORMS", 394 , 411 , 576 , 687 , 648 ,," 1,052 ", 924 ," 1,361 "," 1,386 "," 1,141 ",
574,"POLYACETALS, OTHER POLYETHERS AND EPOXIDE RESINS, IN PRIMARY FORMS; POLYCARBONATES, ALKYD RESINS, POLYALLYL ESTERS AND OTHER POLYESTERS, IN PRIMARY FORMS"," 4,972 "," 3,935 "," 5,538 "," 6,131 "," 5,265 ",," 4,007 "," 3,494 "," 5,168 "," 5,473 "," 4,335 ",
575,"OTHER PLASTICS, IN PRIMARY 
FORMS"," 7,107 "," 6,894 "," 8,725 "," 8,590 "," 7,384 ",," 8,035 "," 7,550 "," 9,010 "," 9,871 "," 8,041 ",
579,"WASTE, PARINGS AND SCRAP, OF PLASTICS", 88 , 37 , 46 , 45 , 29 ,, 456 , 703 , 703 , 763 , 793 ,
581,"TUBES, PIPES AND HOSES, AND FITTINGS THEREFOR, OF PLASTICS", 540 , 527 , 764 , 985 ," 1,076 ",, 602 , 582 , 702 ," 1,071 "," 1,131 ",
582,"PLATES, SHEETS, FILM, FOIL AND STRIP, OF PLASTICS"," 6,006 "," 5,197 "," 6,420 "," 6,768 "," 5,955 ",," 5,810 "," 5,662 "," 6,185 "," 6,664 "," 6,321 ",
583,"MONOFILAMENT OF WHICH ANY 
CROSS-SECTIONAL DIMENSION 
EXCEEDS 1 MM, RODS, STICKS 
AND PROFILE SHAPES, WHETHER 
OR NOT SURFACE-WORKED BUT 
NOT OTHERWISE WORKED, 
OF PLASTICS", 80 , 84 , 72 , 90 , 62 ,, 70 , 48 , 74 , 88 , 75 ,
591,"INSECTICIDES, RODENTICIDES, 
FUNGICIDES, HERBICIDES, ANTI-
SPROUTING PRODUCTS AND 
PLANT-GROWTH REGULATORS, 
DISINFECTANTS AND SIMILAR 
PRODUCTS, PUT UP IN FORMS 
OR PACKINGS FOR RETAIL SALE 
OR AS PREPARATIONS OR 
ARTICLES (E.G., SULPHUR-
TREATED BANDS, WICKS AND 
CANDLES, AND FLY-PAPERS)", 957 ," 1,310 "," 1,325 "," 1,631 "," 1,398 ",, 869 ," 1,078 "," 1,211 "," 1,242 ", 995 ,
592,"STARCHES, INULIN AND WHEAT GLUTEN; ALBUMINOIDAL SUBSTANCES; GLUES", 733 , 584 , 876 , 989 , 908 ,," 1,819 "," 1,825 "," 2,051 "," 2,776 "," 2,652 ",
593,EXPLOSIVES AND PYROTECHNIC PRODUCTS, 61 , 58 , 53 , 66 , 97 ,, 146 , 102 , 119 , 176 , 151 ,
597,PREPARED ADDITIVES FOR MINERAL OILS AND THE LIKE; PREPARED LIQUIDS FOR HYDRAULIC TRANSMISSION; ANTI-FREEZING PREPARATIONS AND PREPARED DE-ICING FLUIDS; LUBRICATING PREPARATIONS, 163 , 162 , 215 , 218 , 249 ,," 1,254 "," 1,069 "," 1,125 "," 1,496 "," 1,465 ",
598,"MISCELLANEOUS CHEMICAL PRODUCTS, N.E.S."," 9,591 "," 7,879 "," 10,709 "," 13,845 "," 12,639 ",," 11,379 "," 10,235 "," 13,368 "," 19,599 "," 19,396 ",
599,"RESIDUAL PRODUCTS OF THE CHEMICAL OR ALLIED INDUSTRIES, N.E.S.; MUNICIPAL WASTE; SEWAGE SLUDGE; OTHER WASTES", 2 , 4 , 6 , 8 , 5 ,, 3 , 3 , 17 , 3 , 5 ,
611,LEATHER, 66 , 73 , 76 , 85 , 84 ,, 280 , 265 , 272 , 266 , 288 ,
612,"MANUFACTURES OF LEATHER OR OF COMPOSITION LEATHER, N.E.S.; SADDLERY AND HARNESS", 19 , 8 , 10 , 16 , 18 ,, 30 , 41 , 27 , 41 , 67 ,
613,"FURSKINS, TANNED OR 
DRESSED (INCLUDING HEADS, 
TAILS, PAWS AND OTHER PIECES 
OR CUTTINGS), UNASSEMBLED, 
OR ASSEMBLED (WITHOUT THE 
ADDITION OF OTHER 
MATERIALS), OTHER THAN 
THOSE OF HEADING 848.31", 326 , 103 , 199 , 245 , 64 ,, 23 , 4 , 9 , 23 , 17 ,
621,"MATERIALS OF RUBBER (E.G., PASTES, PLATES, SHEETS, RODS, THREAD, TUBES, OF RUBBER)"," 1,749 "," 1,593 "," 2,065 "," 2,209 "," 2,240 ",, 505 , 599 , 822 , 862 ," 1,150 ",
625,"RUBBER TYRES, INTERCHANGEABLE 
TYRE TREADS, TYRE FLAPS AND 
INNER TUBES FOR WHEELS OF ALL 
KINDS"," 1,572 "," 1,444 "," 1,857 "," 1,967 "," 2,255 ",," 2,640 "," 2,312 "," 2,655 "," 3,509 "," 3,246 ",
629,"ARTICLES OF RUBBER, N.E.S."," 1,359 "," 1,340 "," 1,453 "," 1,734 "," 1,765 ",, 996 ," 1,169 "," 1,358 "," 1,690 "," 1,702 ",
633,CORK MANUFACTURES, 1 , * , 1 , 1 , 3 ,, 4 , 3 , 4 , 5 , 5 ,
634,"VENEERS, PLYWOOD, PARTICLE BOARD, AND OTHER WOOD, WORKED, N.E.S."," 5,042 "," 3,946 "," 4,340 "," 4,908 "," 4,080 ",," 1,994 "," 2,085 "," 2,802 "," 3,168 "," 3,028 ",
635,"WOOD MANUFACTURES, N.E.S."," 1,590 "," 1,504 "," 1,772 "," 2,030 "," 1,655 ",, 315 , 434 , 559 , 540 , 476 ,
641,PAPER AND PAPERBOARD," 2,168 "," 1,815 "," 3,491 "," 4,144 "," 5,452 ",," 6,502 "," 5,769 "," 6,628 "," 6,706 "," 5,780 ",
642,"PAPER AND PAPERBOARD, CUT TO SIZE OR SHAPE, AND ARTICLES OF PAPER OR PAPERBOARD"," 2,687 "," 2,324 "," 2,707 "," 2,974 "," 3,017 ",," 2,042 "," 1,745 "," 2,119 "," 2,785 "," 2,615 ",
651,TEXTILE YARN," 3,137 "," 2,768 "," 3,783 "," 3,889 "," 3,096 ",," 1,172 ", 992 ," 1,283 "," 1,301 ", 999 ,
652,"COTTON FABRICS, WOVEN (NOT INCLUDING NARROW OR SPECIAL FABRICS)", 384 , 255 , 241 , 341 , 247 ,, 483 , 236 , 131 , 147 , 143 ,
653,"FABRICS, WOVEN, OF MAN-MADE 
TEXTILE MATERIALS (NOT 
INCLUDING NARROW OR SPECIAL 
FABRICS)"," 1,012 "," 1,046 "," 1,012 "," 1,124 ", 919 ,," 1,148 "," 1,148 "," 1,028 "," 1,101 "," 1,049 ",
654,"OTHER TEXTILE FABRICS, 
WOVEN", 27 , 41 , 18 , 13 , 14 ,, 199 , 130 , 79 , 45 , 37 ,
655,"KNITTED OR CROCHETED FABRICS (INCLUDING TUBULAR KNIT FABRICS, N.E.S., PILE FABRICS AND OPENWORK FABRICS), N.E.S."," 1,166 ", 973 ," 1,274 "," 1,300 "," 1,421 ",, 546 , 394 , 520 , 569 , 484 ,
656,"TULLES, LACE, EMBROIDERY, RIBBONS, TRIMMINGS AND OTHER SMALLWARES", 54 , 72 , 70 , 53 , 59 ,, 169 , 168 , 149 , 150 , 139 ,
657,"SPECIAL YARNS, SPECIAL TEXTILE 
FABRICS AND RELATED 
PRODUCTS"," 1,431 "," 1,263 "," 1,424 "," 1,409 "," 1,266 ",," 1,630 "," 1,529 "," 1,709 "," 1,902 "," 1,866 ",
658,"MADE-UP ARTICLES, WHOLLY OR 
CHIEFLY OF TEXTILE MATERIALS, 
N.E.S.", 357 , 381 , 370 , 479 , 592 ,," 1,298 "," 2,541 "," 1,654 "," 1,677 "," 1,278 ",
659,"FLOOR COVERINGS, ETC.", 81 , 51 , 114 , 114 , 104 ,, 396 , 344 , 440 , 589 , 498 ,
661,"LIME, CEMENT, AND FABRICATED 
CONSTRUCTION MATERIALS 
(EXCEPT GLASS AND CLAY 
MATERIALS)"," 1,074 ", 762 ," 1,071 "," 1,406 "," 1,098 ",, 676 , 571 , 646 , 943 ," 1,027 ",
662,CLAY CONSTRUCTION MATERIALS AND REFRACTORY CONSTRUCTION MATERIALS, 560 , 467 , 504 , 588 , 596 ,," 1,025 "," 1,147 "," 1,145 "," 1,470 "," 1,692 ",
663,"MINERAL MANUFACTURES, 
N.E.S."," 2,780 "," 2,601 "," 3,800 "," 3,462 "," 4,642 ",," 1,368 "," 1,525 "," 1,885 "," 1,678 "," 1,888 ",
664,GLASS," 3,499 "," 3,506 "," 4,247 "," 5,441 "," 5,210 ",," 2,576 "," 2,040 "," 2,234 "," 2,263 "," 2,513 ",
665,GLASSWARE, 618 , 576 , 607 , 645 , 559 ,," 1,068 ", 857 , 911 ," 1,033 ", 954 ,
666,POTTERY, 232 , 250 , 217 , 204 , 180 ,, 165 , 232 , 174 , 150 , 107 ,
667,"PEARLS AND PRECIOUS OR SEMIPRECIOUS STONES, UNWORKED OR WORKED", 316 , 185 , 126 , 200 , 184 ,, 473 , 257 , 370 , 465 , 389 ,
671,"PIG-IRON, SPIEGELEISEN, SPONGE 
IRON, IRON OR STEEL GRANULES 
AND POWDERS AND FERRO-
ALLOYS"," 4,510 "," 3,811 "," 4,809 "," 7,502 "," 5,046 ",, 764 , 905 , 767 ," 1,265 ", 793 ,
672,"INGOTS AND OTHER PRIMARY FORMS, OF IRON OR STEEL; SEMI-FINISHED PRODUCTS OF IRON OR STEEL"," 4,795 "," 2,782 "," 4,275 "," 3,134 "," 4,664 ",, 898 , 459 , 518 , 73 , 966 ,
673,"FLAT-ROLLED PRODUCTS OF IRON OR NON-ALLOY STEEL, NOT CLAD, PLATED OR COATED", 482 , 259 , 495 , 606 , 833 ,," 7,990 "," 6,134 "," 9,702 "," 10,140 "," 9,069 ",
674,"FLAT-ROLLED PRODUCTS OF IRON OR NON-ALLOY STEEL, CLAD, PLATED OR COATED", 548 , 420 , 611 , 861 , 786 ,," 2,596 "," 2,444 "," 3,754 "," 4,250 "," 4,111 ",
675,FLAT-ROLLED PRODUCTS OF ALLOY STEEL," 3,072 "," 1,980 "," 2,457 "," 3,165 "," 1,986 ",," 5,425 "," 3,354 "," 5,106 "," 5,255 "," 4,092 ",
676,"IRON AND STEEL BARS, RODS, ANGLES, SHAPES AND SECTIONS (INCLUDING SHEET PILING)"," 4,913 "," 10,997 "," 13,688 "," 15,448 "," 12,567 ",," 4,541 "," 3,440 "," 5,014 "," 6,048 "," 5,772 ",
677,"RAILS OR RAILWAY TRACK CONSTRUCTION MATERIAL, OF IRON OR STEEL", 21 , 10 , 10 , 7 , 6 ,, 154 , 157 , 73 , 90 , 252 ,
678,WIRE OF IRON OR STEEL, 901 , 602 , 784 ," 1,023 ", 970 ,, 698 , 630 , 770 , 925 , 993 ,
679,"TUBES, PIPES AND HOLLOW PROFILES, AND TUBE OR PIPE FITTINGS, OF IRON OR STEEL"," 1,849 "," 1,825 "," 1,906 "," 1,929 "," 3,519 ",," 3,522 "," 3,021 "," 2,925 "," 4,106 "," 4,515 ",
681,"SILVER, PLATINUM AND OTHER METALS OF THE PLATINUM 
GROUP", 611 , 545 ," 1,425 "," 1,262 ", 667 ,," 1,592 "," 1,574 "," 2,801 "," 2,118 ", 858 ,
682,COPPER," 11,183 "," 8,153 "," 12,697 "," 12,634 "," 11,511 ",," 11,638 "," 7,906 "," 14,322 "," 17,838 "," 17,625 ",
683,NICKEL," 1,636 ", 536 ," 2,865 "," 1,142 ", 597 ,," 1,774 ", 529 , 380 , 823 , 811 ,
684,ALUMINIUM," 11,659 "," 13,042 "," 26,654 "," 29,261 "," 24,215 ",," 11,630 "," 16,355 "," 9,683 "," 16,488 "," 19,127 ",
685,LEAD, 754 , 487 , 717 , 977 ," 1,354 ",, 325 , 347 , 402 , 520 , 511 ,
686,ZINC, 402 , 393 , 590 , 661 , 616 ,," 1,226 "," 1,655 ", 908 ," 1,145 "," 1,897 ",
687,TIN," 1,909 "," 1,621 "," 2,306 "," 2,433 "," 2,095 ",, 651 , 354 ," 1,014 ", 730 , 668 ,
689,"MISCELLANEOUS NON-FERROUS BASE METALS EMPLOYED IN METALLURGY, AND CERMETS", 234 , 442 , 281 , 159 , 274 ,, 439 , 452 , 302 , 608 , 341 ,
691,"STRUCTURES AND PARTS OF STRUCTURES, N.E.S., OF IRON, STEEL OR ALUMINIUM"," 2,242 "," 2,373 "," 2,712 "," 2,718 "," 2,680 ",," 1,156 "," 1,071 "," 1,472 "," 1,725 "," 2,764 ",
692,METAL CONTAINERS FOR STORAGE OR TRANSPORT, 671 , 627 , 903 , 938 , 961 ,, 481 , 434 , 488 , 709 , 594 ,
693,WIRE PRODUCTS (EXCLUDING INSULATED ELECTRICAL WIRING) AND FENCING GRILLS, 887 , 614 , 825 ," 1,199 "," 1,161 ",, 634 , 514 , 597 , 630 , 764 ,
694,"NAILS, SCREWS, NUTS, BOLTS, RIVETS AND THE LIKE, OF IRON, STEEL, COPPER OR ALUMINIUM"," 1,485 "," 1,323 "," 1,814 "," 1,903 "," 1,543 ",," 1,818 "," 1,765 "," 2,352 "," 2,894 "," 2,900 ",
695,TOOLS FOR USE IN THE HAND OR IN MACHINES, 615 , 540 , 588 , 704 , 708 ,," 1,565 "," 1,553 "," 1,955 "," 2,098 "," 2,045 ",
696,CUTLERY, 25 , 40 , 44 , 44 , 57 ,, 163 , 164 , 193 , 230 , 208 ,
697,"HOUSEHOLD EQUIPMENT OF BASE METAL, N.E.S.", 360 , 279 , 411 , 415 , 427 ,, 691 , 690 , 884 , 933 , 725 ,
699,"MANUFACTURES OF BASE METAL, N.E.S."," 6,771 "," 5,428 "," 6,754 "," 7,638 "," 7,515 ",," 6,918 "," 6,602 "," 8,432 "," 10,119 "," 9,658 ",
711,"STEAM OR OTHER VAPOUR-GENERATING BOILERS, SUPERHEATED WATER BOILERS, AND AUXILIARY PLANT FOR USE THEREWITH; PARTS THEREOF", 212 , 153 , 153 , 249 , 287 ,, 565 , 170 , 207 , 552 , 316 ,
712,"STEAM TURBINES AND OTHER VAPOUR TURBINES AND PARTS THEREOF, N.E.S.", 21 , 30 , 27 , 35 , 50 ,, 321 , 199 , 185 , 312 , 198 ,
713,"INTERNAL COMBUSTION PISTON 
ENGINES AND PARTS THEREOF, 
N.E.S.", 673 , 431 , 435 , 602 , 735 ,," 3,277 "," 2,491 "," 2,786 "," 4,959 "," 5,242 ",
714,"ENGINES AND MOTORS, NON-ELECTRIC (OTHER THAN THOSE OF GROUPS 712, 713 AND 718); PARTS, N.E.S., OF THESE ENGINES AND MOTORS"," 1,594 ", 981 , 784 , 840 ," 1,129 ",," 4,327 "," 3,367 "," 2,249 "," 2,503 "," 3,888 ",
716,"ROTATING ELECTRIC PLANT AND PARTS THEREOF, N.E.S."," 1,135 ", 805 , 939 ," 1,119 ", 989 ,," 6,378 "," 4,538 "," 4,716 "," 5,038 "," 4,634 ",
718,"POWER-GENERATING MACHINERY AND PARTS THEREOF, N.E.S.", 224 , 183 , 204 , 159 , 204 ,, 391 , 368 , 467 , 574 , 643 ,
721,AGRICULTURAL MACHINERY (EXCLUDING TRACTORS) AND PARTS THEREOF, 975 , 711 , 767 , 825 , 675 ,, 584 , 442 , 434 , 479 , 552 ,
722,"TRACTORS (OTHER THAN THOSE OF HEADINGS 744.14 
AND 744.15)", 10 , 8 , 7 , 9 , 14 ,, 138 , 161 , 213 , 329 , 274 ,
723,CIVIL ENGINEERING AND CONTRACTORS' PLANT AND EQUIPMENT; PARTS THEREOF," 3,129 "," 2,781 "," 2,810 "," 2,663 "," 2,894 ",," 3,229 "," 2,545 "," 3,822 "," 4,299 "," 4,363 ",
724,"TEXTILE AND LEATHER 
MACHINERY AND PARTS 
THEREOF, N.E.S.", 766 , 703 ," 1,053 ", 779 , 428 ,," 1,224 "," 1,043 "," 1,546 "," 1,461 "," 1,111 ",
725,"PAPER MILL AND PULP MILL MACHINERY, PAPER-CUTTING MACHINES AND OTHER MACHINERY FOR THE MANUFACTURE OF PAPER ARTICLES; PARTS THEREOF", 115 , 860 ," 1,453 ", 454 , 573 ,, 627 ," 1,221 ", 805 ," 1,635 ", 935 ,
726,PRINTING AND BOOKBINDING MACHINERY AND PARTS THEREOF, 431 , 396 , 514 , 577 , 488 ,," 1,015 ", 978 ," 1,170 "," 1,031 ", 872 ,
727,FOOD-PROCESSING MACHINES (EXCLUDING DOMESTIC); PARTS THEREOF, 806 , 679 , 624 ," 1,203 "," 1,508 ",, 732 , 583 , 595 , 525 , 623 ,
728,"OTHER MACHINERY AND EQUIPMENT SPECIALIZED FOR PARTICULAR INDUSTRIES; PARTS THEREOF, N.E.S."," 9,932 "," 11,250 "," 16,469 "," 22,930 "," 21,255 ",," 13,449 "," 12,193 "," 15,793 "," 22,695 "," 21,904 ",
731,MACHINE TOOLS WORKING BY REMOVING METAL OR OTHER MATERIAL, 251 , 134 , 170 , 159 , 252 ,," 1,515 "," 1,190 "," 1,591 "," 1,971 "," 1,637 ",
733,"MACHINE TOOLS FOR WORKING METAL, SINTERED METAL CARBIDES OR CERMETS, WITHOUT REMOVING MATERIAL", 346 , 385 , 675 , 443 , 426 ,, 725 , 571 , 608 , 757 , 658 ,
735,"PARTS, N.E.S., AND ACCESSORIES 
SUITABLE FOR USE SOLELY OR 
PRINCIPALLY WITH THE 
MACHINES FALLING WITHIN 
GROUPS 731 AND 733 
(INCLUDING WORK OR TOOL 
HOLDERS, SELF-OPENING DIE-
HEADS, DIVIDING HEADS AND 
OTHER SPECIAL ATTACHMENTS 
FOR MACHINE TOOLS); 
TOOL HOLDER", 669 , 782 , 967 ," 1,056 ", 833 ,," 1,575 ", 717 , 995 ," 1,210 ", 907 ,
737,"METALWORKING MACHINERY (OTHER THAN MACHINE TOOLS) AND PARTS THEREOF, N.E.S.", 214 , 171 , 289 , 352 , 351 ,, 897 , 880 , 937 ," 1,216 "," 1,464 ",
741,"HEATING AND COOLING 
EQUIPMENT AND PARTS 
THEREOF, N.E.S."," 8,202 "," 6,953 "," 8,168 "," 10,280 "," 8,708 ",," 4,863 "," 5,262 "," 5,155 "," 8,246 "," 8,893 ",
742,"PUMPS FOR LIQUIDS, WHETHER OR NOT FITTED WITH A MEASURING DEVICE; LIQUID ELEVATORS; PARTS FOR SUCH PUMPS AND LIQUID ELEVATORS", 487 , 372 , 470 , 598 , 660 ,," 2,019 "," 1,796 "," 1,938 "," 2,418 "," 2,684 ",
743,"PUMPS (OTHER THAN PUMPS 
FOR LIQUIDS), AIR OR OTHER 
GAS COMPRESSORS AND FANS; 
VENTILATING OR RECYCLING 
HOODS INCORPORATING A FAN, 
WHETHER OR NOT FITTED WITH 
FILTERS; CENTRIFUGES; FILTERING 
OR PURIFYING APPARATUS; 
PARTS THEREOF"," 4,605 "," 4,320 "," 4,869 "," 5,647 "," 4,866 ",," 6,847 "," 6,107 "," 7,610 "," 9,176 "," 9,070 ",
744,"MECHANICAL HANDLING 
EQUIPMENT AND PARTS 
THEREOF, N.E.S."," 1,727 "," 1,343 "," 1,797 "," 1,721 "," 1,865 ",," 3,579 "," 3,101 "," 3,018 "," 4,299 "," 4,514 ",
745,"NON-ELECTRICAL MACHINERY, 
TOOLS AND MECHANICAL 
APPARATUS AND PARTS 
THEREOF, N.E.S.", 762 , 907 ," 1,245 ", 945 , 958 ,," 2,087 "," 2,077 "," 2,413 "," 2,701 "," 2,407 ",
746,BALL- OR ROLLER BEARINGS, 828 , 809 ," 1,197 "," 1,834 "," 1,696 ",," 1,139 "," 1,069 "," 1,710 "," 2,294 "," 2,089 ",
747,"TAPS, COCKS, VALVES AND 
SIMILAR APPLIANCES FOR PIPES, 
BOILER SHELLS, TANKS, VATS OR 
THE LIKE, INCLUDING PRESSURE-
REDUCING VALVES AND 
THERMOSTATICALLY 
CONTROLLED VALVES"," 1,774 "," 1,972 "," 2,213 "," 2,831 "," 3,388 ",," 3,653 "," 3,272 "," 3,433 "," 4,067 "," 4,568 ",
748,"TRANSMISSION SHAFTS 
(INCLUDING CAMSHAFTS AND 
CRANKSHAFTS) AND CRANKS; 
BEARING HOUSINGS AND PLAIN 
SHAFT BEARINGS; GEARS AND 
GEARING; BALL OR ROLLER 
SCREWS; GEARBOXES AND 
OTHER SPEED CHANGERS 
(INCLUDING TORQUE 
CONVERTERS); FLYWHEELS AND 
PULLEYS  (INCLUDING PULLEY 
BLOCKS); CLUTCHES AND SHAFT 
COUPLINGS (INCLUDING 
UNIVERSAL JOINTS); 
ARTICULATED LINK CHAIN; 
PARTS THEREOF", 617 , 505 , 645 , 788 , 824 ,," 2,108 "," 1,774 "," 2,175 "," 2,325 "," 2,545 ",
749,"NON-ELECTRIC PARTS AND 
ACCESSORIES OF MACHINERY, 
N.E.S."," 1,093 ", 822 , 978 ," 1,311 "," 1,196 ",," 2,375 "," 2,010 "," 2,066 "," 2,311 "," 2,220 ",
751,OFFICE MACHINES," 13,339 "," 13,497 "," 18,048 "," 15,048 "," 13,640 ",," 3,417 "," 2,896 "," 3,020 "," 3,496 "," 3,582 ",
752,"AUTOMATIC DATA-PROCESSING 
MACHINES AND UNITS THEREOF; 
MAGNETIC OR OPTICAL READERS, 
MACHINES FOR TRANSCRIBING 
DATA ONTO DATA MEDIA IN 
CODED FORM AND MACHINES 
FOR PROCESSING SUCH DATA, 
N.E.S."," 27,390 "," 20,901 "," 26,083 "," 32,715 "," 29,273 ",," 11,462 "," 10,658 "," 15,292 "," 15,660 "," 18,440 ",
759,"PARTS AND ACCESSORIES (OTHER THAN COVERS, CARRYING CASES AND THE LIKE) SUITABLE FOR USE SOLELY OR PRINCIPALLY WITH MACHINES FALLING WITHING GROUPS 751 AND 752"," 8,618 "," 11,012 "," 10,184 "," 11,373 "," 9,634 ",," 8,177 "," 7,219 "," 7,694 "," 11,114 "," 9,085 ",
761,"MONITORS AND PROJECTORS, 
NOT INCORPORATING 
TELEVISION RECEPTION 
APPARATUS; RECEPTION
APPARATUS FOR TELEVISION, 
WHETHER OR NOT 
INCORPORATING RADIO-
BROADCAST RECEIVERS OR 
SOUND OR VIDEO RECORDING 
OR REPRODUCING APPARATUS"," 7,894 "," 6,802 "," 8,127 "," 8,207 "," 6,286 ",," 1,704 "," 1,614 "," 2,382 "," 2,604 "," 2,217 ",
762,"RECEPTION APPARATUS FOR 
RADIO-BROADCASTING, 
WHETHER OR NOT COMBINED, 
IN THE SAME HOUSING, WITH 
SOUND RECORDING OR RE-
PRODUCING APPARATUS OR 
A CLOCK"," 2,857 "," 2,239 "," 2,162 "," 1,889 "," 1,438 ",, 260 , 253 , 271 , 312 , 343 ,
763,"SOUND RECORDING OR RE-
PRODUCING APPARATUS; VIDEO 
RECORDING OR REPRODUCING 
APPARATUS; WHETHER OR NOT 
INCORPORATING A VIDEO TUNER", 952 , 781 , 884 , 907 , 757 ,, 158 , 140 , 101 , 83 , 72 ,
764,"TELECOMMUNICATIONS 
EQUIPMENT, N.E.S., AND PARTS, 
N.E.S., AND ACCESSORIES OF 
APPARATUS FALLING WITHIN 
DIVISION 76"," 30,608 "," 34,421 "," 41,260 "," 51,387 "," 48,087 ",," 24,912 "," 25,090 "," 28,309 "," 27,327 "," 29,641 ",
771,ELECTRIC POWER MACHINERY (OTHER THAN ROTATING ELECTRIC PLANT OF GROUP 716) AND PARTS THEREOF," 3,632 "," 4,447 "," 5,474 "," 6,687 "," 7,707 ",," 5,109 "," 5,375 "," 7,100 "," 8,381 "," 8,172 ",
772,"ELECTRICAL APPARATUS FOR 
SWITCHING OR PROTECTING 
ELECTRICAL CIRCUITS OR FOR 
MAKING CONNECTIONS TO OR 
IN ELECTRICAL CIRCUITS (E.G., 
SWITCHES, RELAYS, FUSES, 
LIGHTNING ARRESTERS, 
VOLTAGE LIMITERS, SURGE 
SUPPRESSORS, PLUGS AND 
SOCKETS, LAMP-HOLDERS 
AND JUNCTION BOXES); 
ELECTRICAL RESISTORS 
(INCLUDING RHEOSTATS AND 
POTENTIOMETERS), OTHER 
THAN HEATING RESISTORS; 
PRINTED CIRCUITS; BOARDS, 
PANELS (INCLUDING 
NUMERICAL CONTROL 
PANELS), CONSOLES, DESKS, 
CABINETS AND OTHER BASES, 
EQUIPPED WITH TWO OR MORE 
APPARATUS FOR SWITCHING, 
PROTECTING OR FOR MAKING 
CONNECTIONS TO OR IN 
ELECTRICAL CIRCUITS, FOR 
ELECTRIC CONTROL OR THE 
DISTRIBUTION OF ELECTRICITY 
(EXCLUDING SWITHCHING 
APPARATUS OF SUBGROUP 764.1)"," 17,644 "," 14,989 "," 17,675 "," 24,476 "," 24,590 ",," 22,365 "," 22,725 "," 27,213 "," 36,701 "," 33,049 ",
773,"EQUIPMENT FOR DISTRIBUTING ELECTRICITY, N.E.S."," 3,615 "," 3,410 "," 4,535 "," 4,909 "," 4,575 ",," 4,003 "," 3,967 "," 5,504 "," 6,752 "," 6,409 ",
774,"ELECTRODIAGNOSTIC APPARATUS FOR MEDICAL, SURGICAL, DENTAL OR VETERINARY PURPOSES, AND RADIOLOGICAL APPARATUS"," 1,792 "," 2,104 "," 2,661 "," 2,939 "," 3,152 ",," 1,221 "," 1,166 "," 1,574 "," 1,756 "," 1,851 ",
775,"HOUSEHOLD-TYPE ELECTRICAL 
AND NON-ELECTRICAL EQUIPMENT, 
N.E.S."," 11,667 "," 12,740 "," 13,069 "," 13,294 "," 11,495 ",," 3,335 "," 3,657 "," 4,072 "," 3,559 "," 3,008 ",
776,"THERMIONIC, COLD CATHODE OR PHOTO-CATHODE VALVES AND TUBES (E.G., VACUUM OR VAPOUR OR GAS-FILLED VALVES AND TUBES, MERCURY ARC RECTIFYING VALVES AND TUBES, CATHODE-RAY TUBES, TELEVISION CAMERA TUBES); DIODES, TRANSISTORS AND SIMILAR SEMICONDUCTOR DEVICES; PHOTOSENSITIVE SEMICONDUCTOR DEVICES; LIGHT-EMITTING DIODES; MOUNTED PIEZOELECTRIC CRYSTALS; ELECTRONIC INTEGRATED CIRCUITS AND MICROASSEMBLES; PARTS THEREOF"," 221,709 "," 239,141 "," 281,393 "," 387,338 "," 387,403 ",," 144,925 "," 154,165 "," 194,944 "," 255,295 "," 221,166 ",
778,"ELECTRICAL MACHINERY AND APPARATUS, N.E.S."," 21,400 "," 19,808 "," 24,396 "," 31,787 "," 27,420 ",," 14,490 "," 14,074 "," 17,071 "," 20,436 "," 18,909 ",
781,"MOTOR CARS AND OTHER 
MOTOR VEHICLES PRINCIPALLY 
DESIGNED FOR THE TRANSPORT 
OF PERSONS (OTHER THAN 
MOTOR VEHICLES FOR THE 
TRANSPORT OF TEN OR MORE 
PERSONS, INCLUDING THE 
DRIVER), INCLUDING STATION-
WAGONS AND RACING CARS"," 1,795 "," 1,359 "," 1,502 "," 2,242 "," 1,919 ",," 8,478 "," 4,397 "," 5,409 "," 6,635 "," 8,180 ",
782,"MOTOR VEHICLES FOR THE 
TRANSPORT OF GOODS AND 
SPECIAL-PURPOSE MOTOR 
VEHICLES", 56 , 74 , 54 , 36 , 33 ,," 3,684 "," 2,167 "," 3,512 "," 4,716 "," 5,850 ",
783,"ROAD MOTOR VEHICLES, N.E.S.", 438 , 330 , 191 , 247 , 540 ,, 973 , 645 , 419 , 822 ," 1,114 ",
784,"PARTS AND ACCESSORIES OF THE MOTOR VEHICLES OF GROUPS 722, 781, 782 AND 783"," 4,545 "," 4,205 "," 4,862 "," 5,258 "," 5,300 ",," 11,522 "," 9,570 "," 11,802 "," 17,017 "," 19,417 ",
785,"MOTOR CYCLES (INCLUDING 
MOPEDS) AND CYCLES, 
MOTORIZED AND NON-MOTIRIZED; 
INVALID CARRIAGES"," 1,948 "," 2,010 "," 2,407 "," 3,422 "," 2,044 ",," 1,574 "," 1,633 "," 2,767 "," 2,680 "," 2,237 ",
786,"TRAILERS AND SEMI-TRAILERS; 
OTHER VEHICLES, NOT 
MECHANICALLY-PROPELLED; 
SPECIALLY DESIGNED AND 
EQUIPPED TRANSPORT 
CONTAINERS", 373 , 281 , 302 , 670 , 592 ,, 310 , 223 , 316 , 340 , 312 ,
791,RAILWAY VEHICLES (INCLUDING HOVERTRAINS) AND ASSOCIATED EQUIPMENT, 89 , 43 , 78 , 67 , 101 ,, 640 , 467 , 570 , 547 , 752 ,
792,AIRCRAFT AND ASSOCIATED EQUIPMENT; SPACECRAFT (INCLUDING SATELLITES) AND SPACECRAFT LAUNCH VEHICLES; PARTS THEREOF," 8,815 "," 9,340 "," 5,794 "," 6,332 "," 6,032 ",," 12,829 "," 7,103 "," 8,037 "," 17,709 "," 17,231 ",
793,"SHIPS, BOATS (INCLUDING HOVERCRAFT) AND FLOATING STRUCTURES"," 1,084 ", 817 , 723 , 714 , 939 ,, 776 ," 10,314 ", 757 , 456 , 307 ,
811,PREFABRICATED BUILDINGS, 225 , 399 , 463 , 365 , 589 ,, 139 , 158 , 112 , 474 , 300 ,
812,"SANITARY, PLUMBING AND 
HEATING FIXTURES AND 
FITTINGS, N.E.S.", 162 , 101 , 101 , 127 , 118 ,, 175 , 124 , 144 , 201 , 231 ,
813,"LIGHTING FIXTURES AND FITTINGS, N.E.S.", 714 , 682 , 963 ," 1,114 "," 1,250 ",, 835 , 728 , 894 , 838 , 921 ,
821,"FURNITURE AND PARTS THERE-
OF; BEDDING, MATTRESSES, 
MATTRESS SUPPORTS, CUSHIONS 
AND SIMILAR STUFFED FURNISHINGS"," 11,988 "," 13,510 "," 12,995 "," 14,485 "," 12,569 ",," 3,499 "," 4,311 "," 5,198 "," 5,407 "," 4,818 ",
831,"TRUNKS, SUITCASES, VANITY CASES, EXECUTIVE CASES, BRIEFCASES, SCHOOL SATCHES, SPECTACLE CASES, BINOCULAR CASES, CAMERA CASES, MUSICAL INSTRUMENT CASES, GUN CASES, HOLSTERS AND SIMILAR CONTAINERS; TRAVELLING BAGS, INSULATED FOOD OR BEVERAGES BAGS, TOILET  BAGS, RUCKSACKS, HANDBAGS, SHOPPING BAGS, WALLETS, PURSES, MAP CASES, CIGARETTE CASES, TOBACCO POUCHES, TOOL BAGS, SPORTS BAGS, BOTTLE CASES, JEWELLERY BOXES, POWDER BOXES, CUTLERY CASES AND SIMILAR CONTAINERS, OF LEATHER OR OF COMPOSITION LEATHER, OF SHEETING OF PLASTICS, OF TEXTILE MATERIALS, OF VULCANIZED FIBRE OR OF PAPERBOARD, OR WHOLLY OR MAINLY COVERED WITH SUCH MATERIALS OR WITH PAPER; TRAVEL SETS FOR PERSONAL TOILET, SEWING OR SHOE OR CLOTHES CLEANING", 224 , 245 , 316 , 355 , 515 ,," 2,091 "," 1,560 "," 1,564 "," 2,569 "," 2,791 ",
841,"MEN'S OR BOYS' COATS, CAPES, JACKETS, SUITS, BLAZERS, TROUSERS, SHORTS, SHIRTS, UNDERWEAR, NIGHTWEAR AND SIMILAR ARTICLES OF TEXTILE FABRICS, NOT KNITTED OR CROCHETED (OTHER THAN THOSE OF SUBGROUP 845.2)", 834 , 468 , 226 , 256 , 332 ,, 933 , 600 , 535 ," 1,059 ", 987 ,
842,"WOMEN'S OR GIRLS' COATS, 
CAPES, JACKETS, SUITS, 
TROUSERS, SHORTS, SHIRTS, 
DRESSES AND SKIRTS, UNDER-
WEAR, NIGHTWEAR AND 
SIMILAR ARTICLES OF TEXTILE 
FABRICS, NOT KNITTED OR 
CROCHETED (OTHER THAN 
THOSE OF SUBGROUP 845.2)", 317 , 412 , 355 , 410 , 534 ,," 1,104 ", 783 , 736 ," 1,165 "," 1,165 ",
843,"MEN'S OR BOYS' COATS, CAPES, JACKETS, SUITS, BLAZERS, TROUSERS, SHORTS, SHIRTS, UNDERWEAR, NIGHTWEAR AND SIMILAR ARTICLES OF TEXTILE FABRICS, KNITTED OR CROCHETED (OTHER THAN THOSE OF SUBGROUP 845.2)", 542 , 410 , 451 , 533 , 369 ,, 512 , 332 , 348 , 632 , 548 ,
844,"WOMEN'S OR GIRLS' COATS, 
CAPES, JACKETS, SUITS, 
TROUSERS, SHORTS, SHIRTS, 
DRESSES AND SKIRTS, UNDER-
WEAR, NIGHTWEAR AND 
SIMILAR ARTICLES OF TEXTILE 
FABRICS, KNITTED OR 
CROCHETED (OTHER THAN 
THOSE OF SUBGROUP 845.2)", 372 , 307 , 419 , 468 , 443 ,, 578 , 398 , 400 , 691 , 571 ,
845,"ARTICLES OF APPAREL, OF TEXTILE FABRICS, WHETHER OR NOT KNITTED OR CROCHETED, N.E.S."," 3,062 "," 2,906 "," 2,930 "," 3,519 "," 3,450 ",," 2,574 "," 2,205 "," 2,595 "," 4,914 "," 4,357 ",
846,"CLOTHING ACCESSORIES, OF TEXTILE FABRICS, WHETHER OR NOT KNITTED OR CROCHETED (OTHER THAN THOSE FOR BABIES)", 627 , 728 , 627 , 762 , 688 ,, 555 , 384 , 387 , 596 , 581 ,
848,ARTICLES OF APPAREL AND CLOTHING ACCESSORIES OF OTHER THAN TEXTILE FABRICS; HEADGEAR OF ALL MATERIALS," 17,979 "," 36,387 "," 55,237 "," 19,506 "," 12,314 ",, 523 , 841 ," 1,902 "," 1,509 ", 929 ,
851,FOOTWEAR, 677 , 632 , 755 , 779 ," 1,023 ",," 2,592 "," 1,780 "," 1,818 "," 2,732 "," 3,113 ",
871,"OPTICAL INSTRUMENTS AND APPARATUS, N.E.S.", 651 , 565 , 656 , 638 , 428 ,," 2,180 "," 2,588 "," 3,144 "," 1,606 "," 1,083 ",
872,"INSTRUMENTS AND APPLIANCES, 
N.E.S., FOR MEDICAL, SURGICAL, 
DENTAL OR VETERINARY PURPOSES"," 7,134 "," 6,543 "," 6,838 "," 9,332 "," 9,746 ",," 3,640 "," 3,312 "," 3,504 "," 4,061 "," 4,704 ",
873,"METERS AND COUNTERS, N.E.S."," 1,476 "," 1,439 "," 1,343 "," 1,345 "," 1,319 ",, 333 , 349 , 550 , 535 , 626 ,
874,"MEASURING, CHECKING, ANALYSING AND CONTROLLING INSTRUMENTS AND APPARATUS, N.E.S."," 26,578 "," 30,150 "," 34,034 "," 40,934 "," 38,830 ",," 12,942 "," 12,969 "," 15,262 "," 18,166 "," 19,099 ",
881,"PHOTOGRAPHIC APPARATUS AND EQUIPMENT, N.E.S.", 313 , 262 , 354 , 330 , 317 ,, 142 , 113 , 138 , 269 , 271 ,
882,PHOTOGRAPHIC AND CINEMATOGRAPHIC SUPPLIES, 710 , 573 , 676 , 718 , 676 ,, 449 , 385 , 461 , 563 , 489 ,
883,"CINEMATOGRAPHIC FILM, 
EXPOSED AND DEVELOPED, 
WHETHER OR NOT IN-
CORPORATING SOUNDTRACK 
OR CONSISTING ONLY OF 
SOUNDTRACK", -   , -   , * , * , * ,, 1 , * , * , * , * ,
884,"OPTICAL GOODS, N.E.S."," 1,958 "," 1,576 "," 1,820 "," 2,104 "," 2,057 ",," 2,208 "," 1,611 "," 1,625 "," 1,885 "," 1,807 ",
885,WATCHES AND CLOCKS," 1,085 "," 1,111 "," 1,208 "," 1,229 "," 1,203 ",," 2,303 "," 1,920 "," 2,173 "," 2,761 "," 2,878 ",
891,ARMS AND AMMUNITION, 6 , 18 , 1 , 14 , 9 ,, 81 , 87 , 30 , 49 , 250 ,
892,PRINTED MATTER," 1,434 "," 1,151 "," 1,009 "," 1,109 "," 1,038 ",," 1,027 ", 753 , 806 ," 1,160 "," 1,173 ",
893,"ARTICLES, N.E.S., OF PLASTICS"," 8,323 "," 7,353 "," 8,692 "," 9,389 "," 8,919 ",," 5,368 "," 5,167 "," 6,419 "," 7,637 "," 7,297 ",
894,"BABY CARRIAGES, TOYS, GAMES AND SPORTING GOODS"," 1,910 "," 2,356 "," 2,815 "," 3,488 "," 5,401 ",," 2,209 "," 1,973 "," 2,360 "," 2,882 "," 2,854 ",
895,"OFFICE AND STATIONERY SUPPLIES, N.E.S.", 743 , 692 , 920 ," 1,089 "," 1,081 ",, 529 , 363 , 400 , 514 , 458 ,
896,"WORKS OF ART, COLLECTORS' PIECES AND ANTIQUES", 14 , 8 , 9 , 9 , 18 ,, 156 , 301 , 159 , 131 , 202 ,
897,"JEWELLERY, GOLDSMITHS' AND SILVERSMITHS' WARES, AND OTHER ARTICLES OF PRECIOUS OR SEMIPRECIOUS MATERIALS, N.E.S."," 6,974 "," 4,157 "," 5,804 "," 7,395 "," 7,708 ",," 3,873 "," 3,541 "," 5,015 "," 6,960 "," 7,642 ",
898,"MUSICAL INSTRUMENTS AND PARTS AND ACCESSORIES THEREOF; RECORDS, TAPES AND OTHER SOUND OR SIMILAR RECORDINGS (EXCLUDING GOODS OF GROUPS 
763 AND 883)"," 18,486 "," 25,426 "," 28,746 "," 34,535 "," 23,775 ",," 4,202 "," 4,881 "," 5,050 "," 8,569 "," 4,064 ",
899,"MISCELLANEOUS MANUFACTURED ARTICLES, N.E.S."," 3,750 "," 4,081 "," 5,293 "," 6,396 "," 7,065 ",," 1,577 "," 1,373 "," 1,555 "," 2,261 "," 2,125 ",
911,POSTAL PACKAGES NOT CLASSIFIED ACCORDING TO KIND, -   , -   , -   , -   , -   , -   , -   , -   , -   , -   , -   ,
931,SPECIAL TRANSACTIONS AND COMMODITIES NOT CLASSIFIED ACCORDING TO KIND," 3,281 "," 1,958 "," 2,543 "," 3,868 "," 3,393 ",," 4,226 "," 4,672 "," 5,545 "," 5,523 "," 2,679 ",
961,"COIN (OTHER THAN GOLD COIN), NOT BEING LEGAL TENDER", 1 , 2 , 1 , 3 , 2 ,, 78 , 120 , 105 , 155 , 99 ,
971,"GOLD, NON-MONETARY (EXCLUDING GOLD ORES AND CONCENTRATES)"," 2,801 "," 1,465 "," 1,584 "," 2,583 "," 4,932 ",," 10,490 "," 10,250 "," 18,314 "," 18,021 "," 14,033 ",
,,,,,,,,,,,,,
